program	address	name
0_aranos_tutorial	0x002db350	CameraCollPrimTestGridOutOfBounds
0_aranos_tutorial	0x00300618	DirectionalLightsOverflow
0_aranos_tutorial	0x00383300	CutsceneFinished
0_aranos_tutorial	0x003b9170	LevelDoorLimitExceeded
10_hrugis_cloud	0x002f5ff0	CameraCollPrimTestGridOutOfBounds
10_hrugis_cloud	0x0031b0f0	DirectionalLightsOverflow
10_hrugis_cloud	0x003d0b58	LevelDoorLimitExceeded
11_joba	0x002ed1b8	CameraCollPrimTestGridOutOfBounds
11_joba	0x003129f0	DirectionalLightsOverflow
11_joba	0x003426b8	NpcShowMessageBadId
11_joba	0x003d1750	LevelDoorLimitExceeded
12_todano	0x002dea68	CameraCollPrimTestGridOutOfBounds
12_todano	0x003041e0	DirectionalLightsOverflow
12_todano	0x00333bf0	NpcShowMessageBadId
12_todano	0x00346cd0	PathSetWtoDistNullPath
12_todano	0x003c5628	LevelDoorLimitExceeded
13_boldan	0x002e5e40	CameraCollPrimTestGridOutOfBounds
13_boldan	0x0030a8f0	DirectionalLightsOverflow
13_boldan	0x003c7d70	LevelDoorLimitExceeded
14_aranos_prison	0x002e2c50	CameraCollPrimTestGridOutOfBounds
14_aranos_prison	0x00307f68	DirectionalLightsOverflow
14_aranos_prison	0x00338bb0	NpcShowMessageBadId
14_aranos_prison	0x003ca478	LevelDoorLimitExceeded
15_gorn	0x002f40f0	CameraCollPrimTestGridOutOfBounds
15_gorn	0x003191c0	DirectionalLightsOverflow
15_gorn	0x0035a218	PathDrawInvalidIndex
15_gorn	0x003d4f98	LevelDoorLimitExceeded
16_snivelak	0x002d4630	CameraCollPrimTestGridOutOfBounds
16_snivelak	0x002f9de0	DirectionalLightsOverflow
16_snivelak	0x003b83b0	LevelDoorLimitExceeded
17_smolg	0x002dc410	CameraCollPrimTestGridOutOfBounds
17_smolg	0x003010a0	DirectionalLightsOverflow
17_smolg	0x00331aa0	NpcShowMessageBadId
17_smolg	0x003c8f90	LevelDoorLimitExceeded
18_damosel	0x002f5c00	CameraCollPrimTestGridOutOfBounds
18_damosel	0x0031abf0	DirectionalLightsOverflow
18_damosel	0x00349e28	NpcShowMessageBadId
18_damosel	0x0035d7a0	PathSetWtoDistNullPath
18_damosel	0x0039a3a8	ThermanatorBallsNeededReport
18_damosel	0x003db758	LevelDoorLimitExceeded
19_grelbin	0x002d8df8	CameraCollPrimTestGridOutOfBounds
19_grelbin	0x002fe178	DirectionalLightsOverflow
19_grelbin	0x00327e30	MusicPitchDecreased
19_grelbin	0x0032c168	NpcShowMessageBadId
19_grelbin	0x0033fd70	PathSetWtoDistNullPath
19_grelbin	0x003bf7f8	LevelDoorLimitExceeded
20_yeedil	0x002ef358	CameraCollPrimTestGridOutOfBounds
20_yeedil	0x00314b38	DirectionalLightsOverflow
20_yeedil	0x00357548	PathSetWtoDistNullPath
20_yeedil	0x003940a8	ThermanatorBallsNeededReport
20_yeedil	0x003dc808	LevelDoorLimitExceeded
22_dobbo_orbit	0x002e15a8	CameraCollPrimTestGridOutOfBounds
22_dobbo_orbit	0x00305bc8	DirectionalLightsOverflow
22_dobbo_orbit	0x003c6168	LevelDoorLimitExceeded
23_damosel_orbit	0x002e5c88	CameraCollPrimTestGridOutOfBounds
23_damosel_orbit	0x0030a2e0	DirectionalLightsOverflow
23_damosel_orbit	0x003cde68	LevelDoorLimitExceeded
24_ship_shack	0x002da370	CameraCollPrimTestGridOutOfBounds
24_ship_shack	0x002fe970	DirectionalLightsOverflow
24_ship_shack	0x003ad960	LevelDoorLimitExceeded
25_wupash_nebula	0x002ee470	CameraCollPrimTestGridOutOfBounds
25_wupash_nebula	0x00312d40	DirectionalLightsOverflow
25_wupash_nebula	0x003c70d8	LevelDoorLimitExceeded
26_jamming_array	0x002db9f0	CameraCollPrimTestGridOutOfBounds
26_jamming_array	0x003007a0	DirectionalLightsOverflow
26_jamming_array	0x003b7e10	LevelDoorLimitExceeded
30_insomniac_museum	0x002e2208	CameraCollPrimTestGridOutOfBounds
30_insomniac_museum	0x00306f90	DirectionalLightsOverflow
30_insomniac_museum	0x003bf818	LevelDoorLimitExceeded
3_endako	0x002dbed8	CameraCollPrimTestGridOutOfBounds
3_endako	0x003018d0	DirectionalLightsOverflow
3_endako	0x003c9450	LevelDoorLimitExceeded
4_barlow	0x002fbbb0	CameraCollPrimTestGridOutOfBounds
4_barlow	0x00320f78	DirectionalLightsOverflow
4_barlow	0x00351d48	NpcShowMessageBadId
4_barlow	0x003a1c98	ThermanatorBallsNeededReport
4_barlow	0x003e7300	LevelDoorLimitExceeded
5_feltzin_system	0x002f3af0	CameraCollPrimTestGridOutOfBounds
5_feltzin_system	0x003189e8	DirectionalLightsOverflow
5_feltzin_system	0x003ce438	LevelDoorLimitExceeded
6_notak	0x0031aa38	CameraCollPrimTestGridOutOfBounds
6_notak	0x0033fb18	DirectionalLightsOverflow
6_notak	0x0036f4f8	NpcShowMessageBadId
6_notak	0x00382608	PathDrawInvalidIndex
6_notak	0x00382918	PathSetWtoDistNullPath
6_notak	0x003bf658	ThermanatorBallsNeededReport
6_notak	0x00404de0	LevelDoorLimitExceeded
7_siberius	0x002d13b0	CameraCollPrimTestGridOutOfBounds
7_siberius	0x002f69d8	DirectionalLightsOverflow
7_siberius	0x003affb0	LevelDoorLimitExceeded
8_tabora	0x002e71a0	CameraCollPrimTestGridOutOfBounds
8_tabora	0x0030cc88	DirectionalLightsOverflow
8_tabora	0x00339220	MusicPitchDecreased
8_tabora	0x0033cea0	NpcShowMessageBadId
8_tabora	0x00350158	PathSetWtoDistNullPath
8_tabora	0x0038c8b0	ThermanatorBallsNeededReport
8_tabora	0x003d23e8	LevelDoorLimitExceeded
9_dobbo	0x002d7460	CameraCollPrimTestGridOutOfBounds
9_dobbo	0x002fc968	DirectionalLightsOverflow
9_dobbo	0x0032b4e8	NpcShowMessageBadId
9_dobbo	0x0033e7f0	PathSetWtoDistNullPath
9_dobbo	0x003c1e50	LevelDoorLimitExceeded
