level	retail_address	retail_live_name	aug6_address	structural_role	size	masked_occurrences	dispatch_destinations	csv_address_agrees	status	limit
0	0x0039e5b0	UpdateMoby_775	0x0033d9f0	UpdateMoby_775	76	1	1	1	dispatch_id_disambiguated	masked calls; no original semantic name inferred
0	0x003b9cb8	UpdateMoby_2384	0x003587d8	UpdateMoby_2384	28	1	1	1	dispatch_id_disambiguated	masked calls; no original semantic name inferred
0	0x003e4948	UpdateMoby_3077	0x0037a8c8	UpdateMoby_3077	28	12	1	1	dispatch_id_disambiguated	masked calls; no original semantic name inferred
0	0x00428560	UpdateCamera_6	0x003d5598	UpdateCamera_6	28	12	1	1	dispatch_id_disambiguated	masked calls; no original semantic name inferred
3	0x003a4418	UpdateMoby_775	0x0033ddd8	UpdateMoby_775	76	1	1	1	dispatch_id_disambiguated	masked calls; no original semantic name inferred
3	0x003c9f98	UpdateMoby_2384	0x0035d140	UpdateMoby_2384	28	1	1	1	dispatch_id_disambiguated	masked calls; no original semantic name inferred
3	0x003edba8	UpdateMoby_3077	0x00388fb0	UpdateMoby_3077	28	12	1	1	dispatch_id_disambiguated	masked calls; no original semantic name inferred
3	0x0043a2c0	UpdateCamera_6	0x003e31c0	UpdateCamera_6	28	12	1	1	dispatch_id_disambiguated	masked calls; no original semantic name inferred
4	0x003c4ba0	UpdateMoby_775	0x00364760	UpdateMoby_775	76	1	1	1	dispatch_id_disambiguated	masked calls; no original semantic name inferred
4	0x003e7e48	UpdateMoby_2384	0x00382c78	UpdateMoby_2384	28	1	1	1	dispatch_id_disambiguated	masked calls; no original semantic name inferred
4	0x0041f428	UpdateMoby_3077	0x003a7af0	UpdateMoby_3077	28	11	1	1	dispatch_id_disambiguated	masked calls; no original semantic name inferred
4	0x0046aad0	UpdateCamera_6	0x00418ad0	UpdateCamera_6	28	11	1	1	dispatch_id_disambiguated	masked calls; no original semantic name inferred
5	0x003b4048	UpdateMoby_775	0x003579a8	UpdateMoby_775	76	1	1	1	dispatch_id_disambiguated	masked calls; no original semantic name inferred
5	0x003cef80	UpdateMoby_2384	0x00372450	UpdateMoby_2384	28	1	1	1	dispatch_id_disambiguated	masked calls; no original semantic name inferred
5	0x003ed040	UpdateMoby_3077	0x00391ca8	UpdateMoby_3077	28	16	1	1	dispatch_id_disambiguated	masked calls; no original semantic name inferred
5	0x00440a68	UpdateCamera_6	0x003f4358	UpdateCamera_6	28	16	1	1	dispatch_id_disambiguated	masked calls; no original semantic name inferred
6	0x003e1150	UpdateMoby_775	0x00382080	UpdateMoby_775	76	1	1	1	dispatch_id_disambiguated	masked calls; no original semantic name inferred
6	0x00405928	UpdateMoby_2384	0x003a3fb0	UpdateMoby_2384	28	1	1	1	dispatch_id_disambiguated	masked calls; no original semantic name inferred
6	0x00426190	UpdateMoby_3077	0x003c6258	UpdateMoby_3077	28	11	1	1	dispatch_id_disambiguated	masked calls; no original semantic name inferred
6	0x004797a8	UpdateCamera_6	0x00421da8	UpdateCamera_6	28	11	1	1	dispatch_id_disambiguated	masked calls; no original semantic name inferred
7	0x00394af8	UpdateMoby_775	0x00332e90	UpdateMoby_775	76	1	1	1	dispatch_id_disambiguated	masked calls; no original semantic name inferred
7	0x003b0af8	UpdateMoby_2384	0x0034d6a0	UpdateMoby_2384	28	1	1	1	dispatch_id_disambiguated	masked calls; no original semantic name inferred
7	0x003cf9e8	UpdateMoby_3077	0x0036d748	UpdateMoby_3077	28	11	1	1	dispatch_id_disambiguated	masked calls; no original semantic name inferred
7	0x00424de0	UpdateCamera_6	0x003cdac0	UpdateCamera_6	28	11	1	1	dispatch_id_disambiguated	masked calls; no original semantic name inferred
8	0x003adfa8	UpdateMoby_775	0x0036dd68	UpdateMoby_775	76	1	1	1	dispatch_id_disambiguated	masked calls; no original semantic name inferred
8	0x003d2f30	UpdateMoby_2384	0x00390c78	UpdateMoby_2384	28	1	1	1	dispatch_id_disambiguated	masked calls; no original semantic name inferred
8	0x003f3200	UpdateMoby_3077	0x003af528	UpdateMoby_3077	28	11	1	1	dispatch_id_disambiguated	masked calls; no original semantic name inferred
8	0x00445120	UpdateCamera_6	0x004100e8	UpdateCamera_6	28	11	1	1	dispatch_id_disambiguated	masked calls; no original semantic name inferred
24	0x00393b80	UpdateMoby_775	0x00333ee0	UpdateMoby_775	76	1	1	1	dispatch_id_disambiguated	masked calls; no original semantic name inferred
24	0x003ae4a8	UpdateMoby_2384	0x0034e3c8	UpdateMoby_2384	28	1	1	1	dispatch_id_disambiguated	masked calls; no original semantic name inferred
24	0x003c7de0	UpdateMoby_3077	0x0036a7a0	UpdateMoby_3077	28	11	1	1	dispatch_id_disambiguated	masked calls; no original semantic name inferred
24	0x004086b0	UpdateCamera_6	0x003b87e8	UpdateCamera_6	28	11	1	1	dispatch_id_disambiguated	masked calls; no original semantic name inferred
25	0x003acce8	UpdateMoby_775	0x0034f470	UpdateMoby_775	76	1	1	1	dispatch_id_disambiguated	masked calls; no original semantic name inferred
25	0x003c7c20	UpdateMoby_2384	0x00369f18	UpdateMoby_2384	28	1	1	1	dispatch_id_disambiguated	masked calls; no original semantic name inferred
25	0x003e5ce0	UpdateMoby_3077	0x00389770	UpdateMoby_3077	28	13	1	1	dispatch_id_disambiguated	masked calls; no original semantic name inferred
25	0x00431c10	UpdateCamera_6	0x003e4b30	UpdateCamera_6	28	13	1	1	dispatch_id_disambiguated	masked calls; no original semantic name inferred
26	0x0039cdd0	UpdateMoby_775	0x0033e2b8	UpdateMoby_775	76	1	1	1	dispatch_id_disambiguated	masked calls; no original semantic name inferred
26	0x003b8958	UpdateMoby_2384	0x00358ea8	UpdateMoby_2384	28	1	1	1	dispatch_id_disambiguated	masked calls; no original semantic name inferred
26	0x003d5b00	UpdateMoby_3077	0x00376e70	UpdateMoby_3077	28	11	1	1	dispatch_id_disambiguated	masked calls; no original semantic name inferred
26	0x0041b2a0	UpdateCamera_6	0x003ca2c0	UpdateCamera_6	28	11	1	1	dispatch_id_disambiguated	masked calls; no original semantic name inferred
26	0x0041cd60	InitCamera_24	0x003cbb48	InitCamera_24	32	1	1	1	dispatch_id_disambiguated	masked calls; no original semantic name inferred
